{"polytope_rvo": [0.007445335388183594, 0.00702667236328125, 0.008016347885131836, 0.005450725555419922, 0.00572967529296875, 0.0056438446044921875, 0.006072282791137695, 0.006269693374633789, 0.005404949188232422, 0.005662202835083008, 0.0059814453125, 0.006083011627197266, 0.007541656494140625, 0.009204387664794922, 0.007630825042724609, 0.010151386260986328, 0.009135007858276367, 0.00911402702331543, 0.009445667266845703, 0.01122736930847168, 0.01090550422668457, 0.00916600227355957, 0.009772300720214844, 0.010505437850952148, 0.011214733123779297, 0.01265263557434082, 0.013107061386108398, 0.016230344772338867, 0.010556697845458984, 0.011393547058105469, 0.012161731719970703, 0.013346672058105469, 0.012247323989868164, 0.010201215744018555, 0.012694835662841797, 0.010283231735229492, 0.010440587997436523, 0.010971546173095703, 0.012005329132080078, 0.010143041610717773, 0.00997781753540039, 0.009947061538696289, 0.009883880615234375, 0.012712717056274414, 0.010070323944091797, 0.010283231735229492, 0.010263681411743164, 0.012552022933959961, 0.009975671768188477, 0.010443687438964844, 0.03870272636413574, 0.010041236877441406, 0.009672164916992188, 0.010637283325195312, 0.009197711944580078, 0.00963139533996582, 0.010014772415161133, 0.009662866592407227, 0.01066446304321289, 0.020800352096557617, 0.02044081687927246, 0.051949501037597656, 0.05194973945617676, 0.05356264114379883, 0.06501293182373047, 0.07358741760253906, 0.07604408264160156, 0.07378697395324707, 0.0778496265411377, 0.07900834083557129, 0.07448077201843262, 0.07573366165161133, 0.07778263092041016, 0.07490158081054688, 0.07595992088317871, 0.07489562034606934, 0.07771706581115723, 0.07435011863708496, 0.07752776145935059, 0.07550191879272461, 0.07931017875671387, 0.06710481643676758, 0.05739712715148926, 0.043405771255493164, 0.01972651481628418, 0.019707202911376953, 0.009877204895019531, 0.008913993835449219, 0.008992195129394531, 0.00899815559387207, 0.010452508926391602, 0.009227514266967773, 0.008798599243164062, 0.008908510208129883, 0.008922815322875977, 0.008987665176391602, 0.009438514709472656, 0.008683919906616211, 0.008411169052124023, 0.0077974796295166016, 0.007979631423950195, 0.006491422653198242, 0.008239269256591797, 0.007658720016479492, 0.005450248718261719, 0.0049898624420166016, 0.005348682403564453, 0.005118370056152344, 0.006329774856567383, 0.006575584411621094, 0.007143974304199219], "circle_rvo": [0.008385181427001953, 0.0065174102783203125, 0.005460977554321289, 0.005903720855712891, 0.0057756900787353516, 0.005938291549682617, 0.0054280757904052734, 0.006226301193237305, 0.00524449348449707, 0.0054972171783447266, 0.005502939224243164, 0.0061724185943603516, 0.006641864776611328, 0.008023500442504883, 0.008343219757080078, 0.04151797294616699, 0.007692813873291016, 0.008768558502197266, 0.009148597717285156, 0.009945869445800781, 0.010922670364379883, 0.013069868087768555, 0.01639080047607422, 0.013668298721313477, 0.013611793518066406, 0.011346101760864258, 0.011250734329223633, 0.0107269287109375, 0.010493278503417969, 0.010295867919921875, 0.010214567184448242, 0.011077880859375, 0.010269880294799805, 0.010702848434448242, 0.01128840446472168, 0.011241674423217773, 0.011337995529174805, 0.011386632919311523, 0.010718584060668945, 0.011378288269042969, 0.011073589324951172, 0.0107879638671875, 0.01088571548461914, 0.011249780654907227, 0.01095724105834961, 0.010384082794189453, 0.010777711868286133, 0.010492086410522461, 0.010581731796264648, 0.010239601135253906, 0.010288000106811523, 0.009877681732177734, 0.010239124298095703, 0.010288000106811523, 0.01056671142578125, 0.012669801712036133, 0.012506723403930664, 0.01089787483215332, 0.01099705696105957, 0.010393857955932617, 0.009655237197875977, 0.009605646133422852, 0.010771512985229492, 0.009896039962768555, 0.010376930236816406, 0.019623756408691406, 0.035181283950805664, 0.01250314712524414, 0.009941577911376953, 0.010596275329589844, 0.011445045471191406, 0.010657787322998047, 0.010668516159057617, 0.01076960563659668, 0.010494232177734375, 0.011280059814453125, 0.009735345840454102, 0.009320735931396484, 0.011550426483154297, 0.009435653686523438, 0.009845495223999023, 0.008526325225830078, 0.013664007186889648, 0.009001731872558594, 0.00920557975769043, 0.010357856750488281, 0.011724710464477539, 0.010518074035644531, 0.010484695434570312, 0.010280370712280273, 0.013806343078613281, 0.012454032897949219, 0.010792732238769531, 0.010785341262817383, 0.011003971099853516, 0.010567188262939453, 0.010637521743774414, 0.011605978012084961, 0.013111352920532227, 0.008404016494750977, 0.0074307918548583984, 0.007439136505126953, 0.005767107009887695, 0.005174160003662109, 0.005434989929199219, 0.005891561508178711, 0.0054852962493896484, 0.005898475646972656, 0.006291627883911133, 0.0067903995513916016, 0.0064334869384765625, 0.007317543029785156]}