{"polytope_rvo": [0.0009665489196777344, 0.0012352466583251953, 0.0009496212005615234, 0.0007410049438476562, 0.0007436275482177734, 0.0007560253143310547, 0.0007832050323486328, 0.0007271766662597656, 0.0008039474487304688, 0.0006337165832519531, 0.0006208419799804688, 0.0007307529449462891, 0.0006556510925292969, 0.0006339550018310547, 0.0010929107666015625, 0.0011820793151855469, 0.0012195110321044922, 0.0011873245239257812, 0.0011758804321289062, 0.0011181831359863281, 0.0011434555053710938, 0.0011336803436279297, 0.001107931137084961, 0.0010814666748046875, 0.0010890960693359375, 0.0011188983917236328, 0.0011019706726074219, 0.0011298656463623047, 0.0011806488037109375, 0.0011856555938720703, 0.012883901596069336, 0.012630462646484375, 0.01249241828918457, 0.012082576751708984, 0.012368202209472656, 0.012336969375610352, 0.012147188186645508, 0.01917243003845215, 0.012083292007446289, 0.0011646747589111328, 0.0011637210845947266, 0.001237630844116211, 0.001226186752319336, 0.0011448860168457031, 0.0011990070343017578, 0.0012183189392089844, 0.001163482666015625, 0.0011658668518066406, 0.0011684894561767578, 0.001188039779663086, 0.00119781494140625, 0.0011746883392333984, 0.0012013912200927734, 0.0011811256408691406, 0.0013391971588134766, 0.002001523971557617, 0.0006513595581054688, 0.0006365776062011719, 0.0010733604431152344, 0.0010738372802734375, 0.0007352828979492188, 0.0010716915130615234, 0.0011374950408935547, 0.0006444454193115234, 0.0006513595581054688, 0.0006399154663085938, 0.0008141994476318359], "circle_rvo": [0.0009975433349609375, 0.0010058879852294922, 0.0009076595306396484, 0.0006246566772460938, 0.0007455348968505859, 0.0007464885711669922, 0.0007467269897460938, 0.001085519790649414, 0.0007960796356201172, 0.0007314682006835938, 0.0007224082946777344, 0.0007357597351074219, 0.0006091594696044922, 0.0006113052368164062, 0.0009663105010986328, 0.0011751651763916016, 0.0010585784912109375, 0.0011146068572998047, 0.0010654926300048828, 0.0011088848114013672, 0.0012123584747314453, 0.0013287067413330078, 0.001100301742553711, 0.0012226104736328125, 0.0011639595031738281, 0.0013587474822998047, 0.001333475112915039, 0.0014841556549072266, 0.0012788772583007812, 0.0013020038604736328, 0.0014240741729736328, 0.0013935565948486328, 0.0014426708221435547, 0.0014142990112304688, 0.0013241767883300781, 0.001270294189453125, 0.0011849403381347656, 0.001155853271484375, 0.0011904239654541016, 0.0012292861938476562, 0.0011069774627685547, 0.0011255741119384766, 0.0011107921600341797, 0.0011785030364990234, 0.0013489723205566406, 0.0011644363403320312, 0.0011751651763916016, 0.0011398792266845703, 0.0012116432189941406, 0.001161336898803711, 0.0012023448944091797, 0.0011038780212402344, 0.0011904239654541016, 0.0011572837829589844, 0.0012536048889160156, 0.0011866092681884766, 0.0018529891967773438, 0.0011699199676513672, 0.0006525516510009766, 0.0006489753723144531, 0.0006563663482666016, 0.0006520748138427734, 0.0006654262542724609, 0.0007097721099853516, 0.0008955001831054688, 0.0006792545318603516, 0.0006525516510009766, 0.0006411075592041016, 0.0006530284881591797]}