{"polytope_rvo": [0.011326074600219727, 0.010051488876342773, 0.007545948028564453, 0.012942314147949219, 0.008359193801879883, 0.009468317031860352, 0.012027263641357422, 0.010216236114501953, 0.011438846588134766, 0.010283231735229492, 0.012804269790649414, 0.009706258773803711, 0.013299226760864258, 0.013779163360595703, 0.01311349868774414, 0.015408515930175781, 0.015455245971679688, 0.016909122467041016, 0.018501758575439453, 0.015228986740112305, 0.017454862594604492, 0.01924872398376465, 0.019785404205322266, 0.01978611946105957, 0.019470691680908203, 0.017098188400268555, 0.017009973526000977, 0.017566919326782227, 0.016726255416870117, 0.01999974250793457, 0.020975589752197266, 0.032251834869384766, 0.03906679153442383, 0.040685415267944336, 0.04250979423522949, 0.03708362579345703, 0.037987470626831055, 0.039533138275146484, 0.03884410858154297, 0.030842304229736328, 0.028386592864990234, 0.028395414352416992, 0.04024195671081543, 0.03745722770690918, 0.03889632225036621, 0.06200003623962402, 0.07095003128051758, 0.09255671501159668, 0.10176491737365723, 0.10500812530517578, 0.10672354698181152, 0.09065890312194824, 0.09124135971069336, 0.09046530723571777, 0.0971670150756836, 0.09165668487548828, 0.09225034713745117, 0.09215927124023438, 0.0908818244934082, 0.10256266593933105, 0.11536526679992676, 0.11430001258850098, 0.13104772567749023, 0.13595366477966309, 0.10291719436645508, 0.07101726531982422, 0.07088541984558105, 0.06988358497619629, 0.07107114791870117, 0.06238365173339844, 0.06285953521728516, 0.06027555465698242, 0.05202794075012207, 0.05497622489929199, 0.03028130531311035, 0.036229610443115234, 0.0280609130859375, 0.029107332229614258, 0.030471086502075195, 0.030373334884643555, 0.02917003631591797, 0.01733875274658203, 0.01731419563293457, 0.016232013702392578, 0.016263484954833984, 0.015593528747558594, 0.015631437301635742, 0.015882253646850586, 0.013737678527832031, 0.013561487197875977, 0.01341557502746582, 0.014353036880493164, 0.013405799865722656, 0.014171838760375977, 0.012199163436889648, 0.012013673782348633, 0.011378288269042969, 0.012271881103515625, 0.011846780776977539, 0.01500844955444336, 0.011105060577392578, 0.01272130012512207, 0.015439510345458984, 0.012331485748291016, 0.01264810562133789, 0.012336254119873047, 0.012031316757202148, 0.011258602142333984, 0.0160672664642334, 0.016396045684814453, 0.012692928314208984, 0.009734630584716797, 0.010543584823608398, 0.009879589080810547], "circle_rvo": [0.009376049041748047, 0.009077072143554688, 0.007524967193603516, 0.007734775543212891, 0.007709026336669922, 0.009729385375976562, 0.011806249618530273, 0.007829427719116211, 0.010858774185180664, 0.010425806045532227, 0.011612892150878906, 0.008489370346069336, 0.010269880294799805, 0.009758949279785156, 0.012913227081298828, 0.01304173469543457, 0.014980316162109375, 0.014799833297729492, 0.014877557754516602, 0.016015052795410156, 0.022249937057495117, 0.025231599807739258, 0.025248289108276367, 0.02706456184387207, 0.026813268661499023, 0.028000593185424805, 0.0160369873046875, 0.016398906707763672, 0.01640176773071289, 0.01761794090270996, 0.01911783218383789, 0.015477895736694336, 0.015526771545410156, 0.019197702407836914, 0.019855737686157227, 0.015857696533203125, 0.014923095703125, 0.015652894973754883, 0.015122175216674805, 0.016515731811523438, 0.025561094284057617, 0.01645350456237793, 0.016369104385375977, 0.01686406135559082, 0.01694488525390625, 0.015595674514770508, 0.015270233154296875, 0.01536417007446289, 0.014926910400390625, 0.01674509048461914, 0.018346548080444336, 0.014789581298828125, 0.01519775390625, 0.015662670135498047, 0.015226364135742188, 0.014859914779663086, 0.015443563461303711, 0.014232635498046875, 0.014439821243286133, 0.014550924301147461, 0.01865243911743164, 0.015474557876586914, 0.01512289047241211, 0.017467498779296875, 0.01573491096496582, 0.016388416290283203, 0.015694618225097656, 0.01661396026611328, 0.01582646369934082, 0.019294023513793945, 0.020592212677001953, 0.02067399024963379, 0.01651906967163086, 0.017679691314697266, 0.016237258911132812, 0.01582956314086914, 0.01645350456237793, 0.01743316650390625, 0.01732182502746582, 0.020006656646728516, 0.016666650772094727, 0.016710281372070312, 0.016241073608398438, 0.016146183013916016, 0.02012491226196289, 0.012645721435546875, 0.012377023696899414, 0.012255430221557617, 0.012479782104492188, 0.012185811996459961, 0.014723062515258789, 0.014609575271606445, 0.010495662689208984, 0.012328386306762695, 0.009610414505004883, 0.010219097137451172, 0.01056361198425293, 0.010761022567749023, 0.010216951370239258, 0.009859800338745117, 0.011747598648071289, 0.009777307510375977, 0.008991003036499023]}